age,portalName,portalAddress,oldOwner,hunter,dtg
67,"Heritage Point Disc Golf Course","1250 Cross Plains Trail, Dalton, GA 30721, USA","1000yrFALCON","Semiotiq","2016-05-14 09:41:48"
64,"Old Federal Road","State Highway 2, Tunnel Hill, GA","Flegal","Semiotiq","2016-05-16 12:28:07"
87,"Pleasant View Baptist Church","Holly Pond, AL 35083, USA","tigress6659","Semiotiq","2016-05-18 18:50:45"
245,"Haynes Chapel ","County Road 809, Flat Rock, AL 35966, USA","EmeraldOpus","Semiotiq","2016-05-18 21:04:27"
129,"Trinity Baptist Church","10469-10701 Lookout Mountain Scenic Highway, Chickamauga, GA 30707, USA","AdamnW","Semiotiq","2016-05-18 22:04:36"
119,"Roland Muffler Man","13477-13499 Alabama 1, Hazel Green, AL 35750, USA","MoonGnome22","Semiotiq","2016-05-19 07:32:41"
62,"Hilti Mural","3032-3066 U.S. 19, Pittsburgh, PA 15216, USA","Dezi227","Semiotiq","2016-05-22 16:09:08"
184,"Abel Long Playground","825-853 Coast Avenue, Pittsburgh, PA 15216, USA","camillabella","Semiotiq","2016-05-22 16:26:43"
157,"Fallowfield Station","Fallowfield Station, Pittsburgh, PA 15216, USA","TungstenIrish","Semiotiq","2016-05-22 16:36:33"
141,"Westfield Station","617 Hampshire Avenue, Pittsburgh, PA 15216, USA","Goblin13","Semiotiq","2016-05-22 16:41:53"
63,"Allegheny County Traffic Grade Separation","1300-1404 West Liberty Avenue, Pittsburgh, PA 15226, USA","camillabella","Semiotiq","2016-05-22 18:15:09"
65,"Shaare Torah Congregation","2319 Murray Avenue, Pittsburgh, PA 15217, USA","odinsvalholl","Semiotiq","2016-06-01 18:01:40"
76,"Morningside Joe Natoli Field","6952-6998 President Way, Pittsburgh, PA 15206, USA","AgentPajamas","Semiotiq","2016-06-01 19:23:54"
93,"Morningside Messiah Lutheran Church","1736 Jancey Street, Pittsburgh, PA 15206, USA","AgentPajamas","Semiotiq","2016-06-01 21:03:01"
76,"Good Morning on Greenwood and Chislett","1748 Chislett Street, Pittsburgh, PA 15206, USA","AgentPajamas","Semiotiq","2016-06-02 01:27:59"
141,"Holy Angels Blessed Mother Statue","461-481 Baldwin Road, Pittsburgh, PA 15207, USA","artnc","Semiotiq","2016-06-02 11:49:36"
102,"Michael Simpson Park","Edgar Avenue, Toronto, OH 43964, USA","CoryWray","Semiotiq","2016-06-16 15:52:55"
114,"Recycle Mural","200-244 South 4th Street, Toronto, OH 43964, USA","VirgoStar","Semiotiq","2016-06-16 16:37:39"
67,"Toronto Public Library","607 Daniels Street, Toronto, OH 43964, United States","CoryWray","Semiotiq","2016-06-16 17:14:46"
72,"Windchaser Mural","309 Loretta Avenue, Toronto, OH 43964, USA","sp1inter","Semiotiq","2016-06-16 17:16:27"
83,"Toronto Ohio Valley DiCarlos mural","224 North 4th Street, Toronto, OH 43964, USA","CoryWray","Semiotiq","2016-06-16 17:40:08"
67,"Cornerstone Church","204 North 5th Street, Toronto, OH 43964, USA","CoryWray","Semiotiq","2016-06-16 18:08:35"
68,"Toronto First Presbyterian Church","116 North 3rd Street, Toronto, OH 43964, USA","CoryWray","Semiotiq","2016-06-16 18:12:32"
72,"Toronto's Nation of Immigrants Mural","717 North 4th Street, Toronto, OH 43964, USA","sp1inter","Semiotiq","2016-06-16 18:13:39"
67,"North River Avenue Christian Church","211 North River Avenue, Toronto, OH 43964, USA","CoryWray","Semiotiq","2016-06-16 18:14:13"
97,"Toronto North End Welcome Sign","1401-1599 County Highway 7f, Toronto, OH 43964, USA","CoryWray","Semiotiq","2016-06-16 18:33:37"
102,"Riesbeck's Clock","1669-1721 Franklin Street, Toronto, OH 43964, USA","CoryWray","Semiotiq","2016-06-16 18:50:17"
67,"Toronto Virgin Mary Monument","1222 North 4th Street, Toronto, OH 43964, USA","DannyHammer","Semiotiq","2016-06-16 19:09:43"
131,"Richmond American Legion","134-140 East Legion Street, Richmond, OH 43944, USA","MacPgh","Semiotiq","2016-06-16 20:07:48"
68,"Toronto Municipal Building","405 North 4th Street, Toronto, OH 43964, USA","Ktriff","Semiotiq","2016-06-16 20:23:37"
68,"Toronto Memorial Park","921 Euclid Avenue, Toronto, OH 43964, USA","Ktriff","Semiotiq","2016-06-16 20:59:36"
131,"Richmond United Methodist Church ","100-198 South Sugar Street, Richmond, OH 43944, USA","MacPgh","Semiotiq","2016-06-16 22:32:14"
63,"Crazy Coconut CB Shop Palm Tree Sign","560-850 Old State Highway 7, Steubenville, OH 43952, USA","DannyHammer","Semiotiq","2016-06-16 23:06:27"
68,"Toronto War Memorial Swimming Pool","600-698 Madison Avenue, Toronto, OH 43964, USA","Ktriff","Semiotiq","2016-06-16 23:23:38"
131,"Methodist Episcopal Cemetery","138 East Legion Street, Richmond, OH 43944, USA","MacPgh","Semiotiq","2016-06-16 23:45:06"
114,"Lighthouse Marine Mural","112-132 Outer Drive, Toronto, OH 43964, USA","VirgoStar","Semiotiq","2016-06-17 00:24:07"
104,"Toronto's First Assembly of God","1007 North 4th Street, Toronto, OH 43964, USA","Ktriff","Semiotiq","2016-06-17 03:31:51"
67,"Tuckers Tavern Mural","914 Henley Street, Toronto, OH 43964, USA","DannyHammer","Semiotiq","2016-06-17 04:33:09"
67,"Our Lady of Heaven Memorial","814 North 5th Street, Toronto, OH 43964, USA","DannyHammer","Semiotiq","2016-06-17 04:36:12"
64,"The Whitehall Church","4935 East Willock Road, Pittsburgh, PA 15227, USA","Jasonjwhite3","Semiotiq","2016-06-18 06:21:45"
64,"Baldwin Borough Library","1-99 Macek Drive, Pittsburgh, PA 15227, USA","Jasonjwhite3","Semiotiq","2016-06-18 06:24:23"
158,"Pennant Station","1432 West Liberty Avenue, Pittsburgh, PA 15226, USA","Goblin13","Semiotiq","2016-06-18 07:07:03"
179,"A.W. Robertson Arboretum","111-199 West Bruceton Road, Pleasant Hills, PA 15236, USA","Cgmarcucci","Semiotiq","2016-06-18 18:25:33"
576,"Eldon D. Snyder","142 Dutch Lane, Pittsburgh, PA 15236, USA","SevenHour","Semiotiq","2016-06-18 18:30:08"
85,"Two Neighbors","7001-7003 Baptist Road, Bethel Park, PA 15102, USA","SevenHour","Semiotiq","2016-06-18 19:23:58"
79,"American Legion Post 490","1020 Castle Shannon Boulevard, Castle Shannon, PA 15234, USA","djpmart1985","Semiotiq","2016-06-18 19:48:23"
80,"Homestead Park Ten Commandments Marker","252-298 East 10th Avenue, Homestead, PA 15120, USA","Lipphil","Semiotiq","2016-06-19 17:55:05"
176,"Homestead Masonic Hall","328-398 East 9th Avenue, Homestead, PA 15120, USA","slipkid","Semiotiq","2016-06-19 18:03:33"
113,"Saint Matthews Episcopal Church","1000-1004 McClure Street, Munhall, PA 15120, USA","TheMehdi","Semiotiq","2016-06-19 18:07:46"
85,"Castle Shannon Historical Msm","1003 Castle Shannon Boulevard, Castle Shannon, PA 15234, United States","djpmart1985","Semiotiq","2016-06-19 22:00:39"
93,"Southside","2708-2766 South 18th Street, Pittsburgh, PA 15210, USA","HAC","Semiotiq","2016-06-20 05:22:46"
318,"Mt. Rise Baptist Church","575-599 South Ingot Avenue, Homestead, PA 15120, USA","slipkid","Semiotiq","2016-06-21 09:54:40"
64,"Court Time Complex","95 Enterprise Street, Elizabeth, PA 15037, USA","lizb00","Semiotiq","2016-06-21 12:14:07"
64,"Elizabeth Township Fire Depart","425 Scenery Drive, Elizabeth, PA 15037, United States","thegingerjesus","Semiotiq","2016-06-21 12:23:16"
68,"New Wine Harvest Church","5206-5224 East Willock Road, Pittsburgh, PA 15236, USA","Jasonjwhite3","Semiotiq","2016-06-22 10:42:07"
166,"P. J. McArdle","718 Hazelwood Avenue, Pittsburgh, PA 15217, USA","ksquigg2","Semiotiq","2016-06-22 14:39:50"
139,"Pittsburgh Engine 22","1817-1999 Saint Patrick Street, Pittsburgh, PA 15210, USA","ksquigg2","Semiotiq","2016-06-23 22:45:17"
92,"Michael F. Maloney Memorial","4351-4375 Tesla Street, Pittsburgh, PA 15217, USA","J1MB3AM","Semiotiq","2016-06-24 12:35:14"
92,"Tortorelli Family Cross","718 Hazelwood Avenue, Pittsburgh, PA 15217, USA","J1MB3AM","Semiotiq","2016-06-24 12:35:19"
92,"McHugh Memorial","718 Hazelwood Avenue, Pittsburgh, PA 15217, USA","J1MB3AM","Semiotiq","2016-06-24 12:37:21"
92,"McNally Memorial","718 Hazelwood Avenue, Pittsburgh, PA 15217, USA","J1MB3AM","Semiotiq","2016-06-24 12:37:52"
92,"Friday","718 Hazelwood Avenue, Pittsburgh, PA 15217, USA","J1MB3AM","Semiotiq","2016-06-24 12:39:09"
126,"St. Theresa Church","1-99 Saint Therese Court, Munhall, PA 15120, USA","patorobap","Semiotiq","2016-06-25 18:14:47"
138,"Munhall U.S. Post Office","3406 Main Street, Munhall, PA 15120, USA","Superbanite","Semiotiq","2016-06-25 18:22:06"
126,"Too Groovy Pop Culture Toys","3903 Main Street, Munhall, PA 15120, USA","MagusPrime","Semiotiq","2016-06-25 18:26:23"
78,"Trinity Lutheran Church","113 Margaret Street, Pittsburgh, PA 15210, USA","bocoroth","Semiotiq","2016-06-25 19:15:17"
88,"Statue at St. Theresa Court","3123 Main Street, Munhall, PA 15120, USA","SilverLight7","Semiotiq","2016-06-27 08:56:36"
127,"Munhall Veterans Memorial","Main St at Caroline, Munhall, PA 15120, USA","MagusPrime","Semiotiq","2016-06-27 10:37:29"
66,"Byzantine Church ","4775-4799 Woodhill Drive, Munhall, PA 15120, USA","slipkid","Semiotiq","2016-06-29 00:29:18"
116,"Walnut Grove Assembly of God","2-98 Walnut Drive, West Mifflin, PA 15122, USA","SilverLight7","Semiotiq","2016-06-29 04:15:36"
64,"Neon Ice Cream at Scoop","5384 Mifflin Road, Pittsburgh, PA 15207, USA","zoroden","Semiotiq","2016-06-29 07:26:59"
110,"Attention 2 Detail Graffiti","5012 Buttermilk Hollow Road, West Mifflin, PA 15122, USA","ZFirelord","Semiotiq","2016-06-29 19:55:50"
474,"McBride Field","U Way, Pittsburgh, PA 15207, USA","slipkid","Semiotiq","2016-06-29 22:36:12"
248,"Westwood","759 Commonwealth Avenue, West Mifflin, PA 15122, USA","slipkid","Semiotiq","2016-06-29 22:56:35"
113,"Mary S. Brown Ames Memorial United Methodist Church","3422 Beechwood Boulevard, Pittsburgh, PA 15217, USA","TheMehdi","Semiotiq","2016-07-05 08:08:32"
149,"Cape Hatteras National Seashore","North Carolina 12, Nags Head, NC 27959, USA","redlock","Semiotiq","2017-01-02 07:08:47"
61,"General James V. Hartinger","502-506 Mill St, Middleport, OH","AlmostHeathen","Semiotiq","2017-01-10 14:36:38"
193,"Vicco Post Office","301 Main Street, Vicco, KY 41773, United States","lindafeltner","Semiotiq","2017-01-11 14:22:54"
80,"Berlin Brethren Church","622 Main Street, Berlin, PA 15530, USA","devonsharpe","Semiotiq","2017-01-13 14:46:47"
80,"Berlin Alliance Church ","601-607 Broadway Street, Berlin, PA 15530, USA","devonsharpe","Semiotiq","2017-01-13 14:48:42"
72,"Sisters of the Order of Saint Basil the Great","Mount Saint Macrina Road, Uniontown, PA 15401, USA","SirJagoff","Semiotiq","2017-01-17 09:22:21"
184,"Krishna","Lafayette Drive, Farmington, PA 15437, USA","FooManchu937","Semiotiq","2017-01-17 20:10:31"
184,"Wooden Bear Sculpture","Lafayette Drive, Farmington, PA 15437, USA","FooManchu937","Semiotiq","2017-01-17 20:13:58"
184,"Skier Sculpture","Haines Road, Farmington, PA 15437, USA","FooManchu937","Semiotiq","2017-01-17 20:17:18"
184,"Gymnasts at the Lodge","Haines Road, Farmington, PA 15437, USA","FooManchu937","Semiotiq","2017-01-17 20:21:03"
80,"Clairton Stadium","754-798 Miller Avenue, Clairton, PA 15025, USA","canaglaucus","Semiotiq","2017-01-18 09:59:46"
110,"VFW Post 803","911 North State Street, Clairton, PA 15025, USA","BlueRose0427","Semiotiq","2017-01-18 10:08:57"
114,"Dravosburg United Methodist Church ","101-199 Railroad Street, Dravosburg, PA 15034, USA","Coryh23","Semiotiq","2017-01-18 10:46:20"
81,"Dravosburg AL Post 380 Cannon","51 Duquesne Avenue, Dravosburg, PA 15034, USA","canaglaucus","Semiotiq","2017-01-18 10:49:14"
81,"Kidsville","212-248 Mcclure Street, Dravosburg, PA 15034, USA","canaglaucus","Semiotiq","2017-01-18 10:50:00"
76,"First Christian Church ","40-42 Raymond Street, Dravosburg, PA 15034, USA","canaglaucus","Semiotiq","2017-01-18 10:57:10"
84,"Church of the Nazarene","1815 Worton Boulevard, West Mifflin, PA 15122, USA","Shadowdancer1","Semiotiq","2017-01-18 11:02:45"
164,"St. Hedwig Cemetery","203 Grant Ave Exd, West Mifflin, PA 15122, USA","slipkid","Semiotiq","2017-01-18 11:09:01"
137,"Jesus and Followers","2030-2032 Oregon Avenue, West Mifflin, PA 15122, USA","patorobap","Semiotiq","2017-01-18 11:10:27"
137,"Resurrected Christ","Ruxton Avenue, West Mifflin, PA 15122, USA","patorobap","Semiotiq","2017-01-18 11:14:51"
137,"Crucifix With Mary","Ruxton Avenue, West Mifflin, PA 15122, USA","patorobap","Semiotiq","2017-01-18 11:17:29"
86,"Holy Trinity Catholic Church","205-549 Grant Ave Exd, West Mifflin, PA 15122, USA","Shadowdancer1","Semiotiq","2017-01-18 11:19:49"
198,"Westwood","759 Commonwealth Avenue, West Mifflin, PA 15122, USA","slipkid","Semiotiq","2017-01-18 11:28:09"
91,"Byzantine Church ","4775-4799 Woodhill Drive, Munhall, PA 15120, USA","Superbanite","Semiotiq","2017-01-18 11:32:54"
67,"St. Peter and Paul Chapel ","1601-1691 Ridge Road Ext, Ambridge, PA 15003, USA","BigSilky","Semiotiq","2017-01-18 15:29:39"
67,"Economy V.F.D. No. 3","135-199 Tevebaugh Hollow Road, Freedom, PA 15042, USA","BigSilky","Semiotiq","2017-01-18 21:38:14"
260,"St. Matthew's Church","381 Friel Rd, Baden, PA","OGSKosh","Semiotiq","2017-01-18 22:11:07"
101,"C & G Performance Soccer Field ","2120 Big Sewickley Creek Road, Sewickley, PA 15143, USA","BigSilky","Semiotiq","2017-01-18 22:24:42"
101,"Fifer's Fields Conservation Area","2428-2498 Magee Road, Sewickley, PA 15143, USA","BigSilky","Semiotiq","2017-01-18 22:32:59"
111,"Acorn Park ","1356-1360 Magee Road, Sewickley, PA 15143, USA","BigSilky","Semiotiq","2017-01-18 22:36:36"
114,"Little Hill United Methodist Church ","1047-1085 Magee Road, Sewickley, PA 15143, USA","BigSilky","Semiotiq","2017-01-18 22:39:15"
119,"Rock Garden Cross ","751-1099 Magee Road, Sewickley, PA 15143, USA","BigSilky","Semiotiq","2017-01-18 22:39:26"
63,"Ohio Township Community Park ","Creese Road, Sewickley, PA 15143, USA","BigSilky","Semiotiq","2017-01-18 22:47:09"
105,"Old Knoxville Incline Station","2-14 Brosville Street, Pittsburgh, PA 15203, USA","bocoroth","Semiotiq","2017-01-19 00:41:42"
104,"Arlington MS Oliver HS Time Capsule","824 East Warrington Avenue, Pittsburgh, PA 15210, USA","bocoroth","Semiotiq","2017-01-19 00:43:46"
158,"Old Saint Henry's RC Church","2414 Arlington Avenue, Pittsburgh, PA 15210, USA","lilred38","Semiotiq","2017-01-19 00:53:29"
91,"The Eye","1701-1723 Arlington Court, Pittsburgh, PA 15210, USA","rainbeam","Semiotiq","2017-01-19 00:59:11"
91,"Johno's Fence","Arlington Ave at S 18th, Mount Oliver, PA 15210, USA","rainbeam","Semiotiq","2017-01-19 00:59:21"
90,"Weeping Mary","2771-2799 South 18th Street, Pittsburgh, PA 15210, USA","rainbeam","Semiotiq","2017-01-19 01:01:03"
91,"Resurrection and the Life","S 18th St Opp MT Oliver St FS, Pittsburgh, PA 15210, USA","rainbeam","Semiotiq","2017-01-19 01:01:13"
101,"Southside","2708-2766 South 18th Street, Pittsburgh, PA 15210, USA","bocoroth","Semiotiq","2017-01-19 01:02:57"
66,"World War II Memorial","7404-7408 Noblestown Road, Noblestown, PA 15071, USA","OnceAMoose","Semiotiq","2017-01-19 18:39:18"
61,"McDonald United Methodist","230-298 East Lincoln Avenue, McDonald, PA 15057, USA","Marcus723","Semiotiq","2017-01-19 18:56:22"
61,"The Alliance Church","201-207 North McDonald Street, McDonald, PA 15057, USA","Marcus723","Semiotiq","2017-01-19 19:01:11"
61,"Baptist Church","143 North McDonald Street, McDonald, PA 15057, USA","Marcus723","Semiotiq","2017-01-19 19:02:37"
61,"McDonald Gazebo","303 West Lincoln Avenue, McDonald, PA 15057, USA","Marcus723","Semiotiq","2017-01-19 19:13:45"
61,"McDonald Oil Field","8131 Robinson Hwy, McDonald, PA","Marcus723","Semiotiq","2017-01-19 19:17:33"
61,"Robinson Township Municipal","8307 Noblestown Road, McDonald, PA 15057, USA","Marcus723","Semiotiq","2017-01-19 19:23:15"
129,"Bessemer Fire Department","1-5 North Main Street, Bessemer, PA 16112, USA","tstewy2","Semiotiq","2017-01-30 03:31:03"
138,"West Mifflin Veteran's Memorial","91 Commonwealth Avenue, West Mifflin, PA 15122, USA","Lipphil","Semiotiq","2017-02-03 19:25:01"
127,"Hungarian Reformed Cemetery","2151-2199 Ridge Street, West Mifflin, PA 15122, USA","BlueRose0427","Semiotiq","2017-02-03 19:41:32"
109,"West Mifflin Community Park 1991","287-299 Bettis Road, West Mifflin, PA 15122, USA","slipkid","Semiotiq","2017-02-03 19:49:52"
99,"St. John of the Cross Church ","207 5th Street, Dravosburg, PA 15034, USA","SevenHour","Semiotiq","2017-02-03 19:59:13"
234,"Amity Presbyterian Church","400 Euclid Avenue, Dravosburg, PA 15034, USA","slipkid","Semiotiq","2017-02-03 20:01:44"
105,"Walnut Grove Assembly of God","2-98 Walnut Drive, West Mifflin, PA 15122, USA","SilverLight7","Semiotiq","2017-02-03 20:08:35"
108,"Attention 2 Detail Graffiti","5012 Buttermilk Hollow Road, West Mifflin, PA 15122, USA","slipkid","Semiotiq","2017-02-03 20:11:11"
61,"Wildlife Habitat Council","658-684 Delwar Road, West Mifflin, PA 15122, USA","Coryh23","Semiotiq","2017-02-03 20:23:23"
157,"Hot Metal Bridge Faith Community","51 South 27th Street, Pittsburgh, PA 15203, USA","ksquigg2","Semiotiq","2017-02-05 08:46:36"
121,"Allentown Transport","801 East Warrington Avenue, Pittsburgh, PA 15210, USA","Goblin13","Semiotiq","2017-02-05 09:10:59"
108,"Eighteenth Ward Honor Roll","146-156 Estella Avenue, Pittsburgh, PA 15211, USA","MisterMagenta","Semiotiq","2017-02-05 09:15:17"
68,"University Club Honor Roll ","4340-4378 Bigelow Boulevard, Pittsburgh, PA 15213, USA","Uhys","Semiotiq","2017-02-05 15:31:02"
65,"Schenley Farms Historic District ","4407 Bayard Street, Pittsburgh, PA 15213, USA","XxNymeriaxX","Semiotiq","2017-02-05 15:34:17"
65,"Historic Landmark Bertram Goodhue","4400-4448 Bayard Street, Pittsburgh, PA 15213, USA","XxNymeriaxX","Semiotiq","2017-02-05 15:34:32"
67,"Riverview Cemetery Mt Zion United Methodist Church","699 Cemetery Road, Woodstock, VA 22664, USA","ksywa","Semiotiq","2017-02-13 12:04:46"
261,"Old Guide's Cemetery","Mammoth Cave National Park, 792 Beaver Dam Chapel Road, Mammoth Cave, KY 42259, USA","Beameer","Semiotiq","2017-02-17 14:54:51"
64,"Greenfield Rest Area","Anton Tony Hulman Junior Memorial Way, Greenfield, IN 46140, USA","BlackJiac","Semiotiq","2017-02-20 05:57:14"
64,"Blue Star Memorial Highway ","Anton Tony Hulman Junior Memorial Way, Greenfield, IN 46140, USA","BlackJiac","Semiotiq","2017-02-20 05:57:51"
103,"Ohio Turnpike Water Tower","9200 Limeridge Road, Mantua, OH 44255, USA","WhatsAfranc0","Semiotiq","2017-02-26 09:16:28"
84,"Memorial Wall","Niles, OH, USA","5ASSY","Semiotiq","2017-02-26 10:48:45"
94,"Total Equipment Mural","500-532 Gibson Drive, Moon, PA 15108, USA","moses423","Semiotiq","2017-02-28 15:25:23"
92,"North Boro's Sportsmen's Association ","North Borough Sportsmen Club, Baden, PA 15005, USA","BigSilky","Semiotiq","2017-03-01 00:51:09"
103,"R M U Indoor Golf Driving Range","7600 Grand Avenue, Pittsburgh, PA 15225, USA","moses423","Semiotiq","2017-03-01 01:37:17"
121,"Church of Christ","616 George Street, Coraopolis, PA 15108, USA","moses423","Semiotiq","2017-03-01 11:21:47"
389,"PA State Gamelands #203","2644 State Gamelands Road, Wexford, PA 15090, USA","BigSilky","Semiotiq","2017-03-01 12:05:24"
172,"Calvary Hill","Interstate 79, Wexford, PA 15090, USA","BigSilky","Semiotiq","2017-03-01 13:09:24"
273,"Covenant Community Church","Interstate 79, Wexford, PA 15090, USA","BigSilky","Semiotiq","2017-03-01 13:12:29"
109,"Old Economy Park","11 Forcey Drive, Baden, PA 15005, USA","BigSilky","Semiotiq","2017-03-01 14:40:17"
355,"Angel Statue","96 Fairview Avenue, Ambridge, PA 15003, USA","BigSilky","Semiotiq","2017-03-01 14:55:15"
167,"Esther G. Allen Trail","382-482 U.S. 30, Clinton, PA 15026, USA","vwratt","Semiotiq","2017-03-02 11:59:32"
342,"Raccoon Creek State Park Shafer Rock","154 Patterson Farm Road, Clinton, PA 15026, USA","Azmael","Semiotiq","2017-03-02 12:15:41"
342,"Raccoon Creek State Park Old Field Trail","154 Patterson Farm Road, Clinton, PA 15026, USA","Azmael","Semiotiq","2017-03-02 12:16:56"
168,"Coraopolis Gardens","915-929 Pennsylvania Avenue, Coraopolis, PA 15108, USA","Lipphil","Semiotiq","2017-03-04 13:25:12"
146,"St. Paul AME Zion Church","601 5th Avenue, Coraopolis, PA 15108, USA","moses423","Semiotiq","2017-03-04 13:30:10"
61,"Blackburn United Methodist Church","910 Blackburn Road, Sewickley, PA 15143, USA","BigSilky","Semiotiq","2017-03-04 15:46:56"
75,"Franklin Park Baptist ","2470 Nicholson Road, Sewickley, PA 15143, USA","BigSilky","Semiotiq","2017-03-04 16:20:23"
169,"Coraopolis Memorial Library","601 School Street, Coraopolis, PA 15108, United States","Lipphil","Semiotiq","2017-03-04 21:12:36"
169,"Coraopolis Historical Society","1200-1222 State Avenue, Coraopolis, PA","Lipphil","Semiotiq","2017-03-04 21:12:39"
169,"Coraopolis United Methodist Church ","1205 Ridge Avenue, Coraopolis, PA 15108, USA","Lipphil","Semiotiq","2017-03-04 21:17:12"
108,"Faith United Methodist Church","316-398 Fairmont Avenue, Fairmont, WV 26554, USA","Vivisjuggernaut","Semiotiq","2017-03-07 14:41:57"
88,"Friends of the Lewis House Inc","17 Oak Hill Avenue, Oak Hill, WV 25901, USA","chase398","Semiotiq","2017-03-07 19:31:07"
62,"Circle K 1020 Peppers Ferry Rd.","1020 Peppers Ferry Rd.,Wytheville,VA,US,24382","BlackJiac","Semiotiq","2017-03-07 21:50:14"
76,"TWP Church","2301-2565 Spring Glen Road, Jacksonville, FL 32207, USA","BonnieLass1969","Semiotiq","2017-03-09 20:30:48"
66,"RIDC Park","216 RIDC Park West Drive, Coraopolis, PA 15108, USA","InLikeTim","Semiotiq","2017-03-11 15:04:47"
128,"Calvary Church Of The Nazarene","102 Evans Street, Brookville, PA 15825, USA","B5254T2","Semiotiq","2017-03-11 20:47:07"
62,"Uniontown Soldier Memorial","145 East Main Street, Uniontown, PA 15401, USA","TACNextGen","Semiotiq","2017-03-12 16:58:16"
62,"George C. Marshall","142-144 W Main St, Uniontown, PA","TACNextGen","Semiotiq","2017-03-12 16:58:21"
62,"George C Marshall Plaza Statue","157-173 West Main Street, Uniontown, PA 15401, USA","TACNextGen","Semiotiq","2017-03-12 16:59:49"
256,"Twin Lakes Park","County Road, Greensburg, PA 15601, USA","slipkid","Semiotiq","2017-03-15 17:10:12"
92,"Second United Presbyterian Church","300 Hay St, Pittsburgh, PA","karpouzaki","Semiotiq","2017-03-18 22:39:47"
92,"Biddle's Escape","401 Biddle Avenue, Pittsburgh, PA 15221, USA","KatrinaThorn","Semiotiq","2017-03-18 22:42:50"
92,"Mifflin Ave United Methodist","905 Mifflin Avenue, Pittsburgh, PA","karpouzaki","Semiotiq","2017-03-18 22:47:28"
87,"Temple Sinai Menorah","5531 Forbes Avenue, Pittsburgh, PA 15217, USA","Moses8080","Semiotiq","2017-03-18 23:21:39"
66,"Squirrel Hill Mural","2229 Murray Ave, Pittsburgh, PA","loopqool","Semiotiq","2017-03-19 13:06:35"
66,"All in a Day Mural","2342 Eldridge St, Pittsburgh, PA","loopqool","Semiotiq","2017-03-19 13:08:16"
151,"Knoxville Presbyterian Church","148-198 Jucunda Street, Pittsburgh, PA 15210, USA","bocoroth","Semiotiq","2017-03-19 13:47:01"
151,"Knoxville Christian Church","Charles St at Knox Ave, Pittsburgh, PA 15210, USA","bocoroth","Semiotiq","2017-03-19 13:47:23"
119,"Victorious Life Church ","214 Frye Farm Road, Greensburg, PA 15601, USA","patorobap","Semiotiq","2017-03-19 22:00:07"
63,"Youngwood Area Public Library","10 S 7th St, Youngwood, PA 15697, USA","freshness16025","Semiotiq","2017-03-19 23:18:41"
63,"Christ United Methodist Church","100 Lincoln Street, Youngwood, PA 15697, USA","freshness16025","Semiotiq","2017-03-19 23:36:26"
61,"Bible Baptist Temple","1415 Worthington Avenue, Clairton, PA 15025, USA","canaglaucus","Semiotiq","2017-03-21 20:37:47"
105,"US Post Office","1615 Pennsylvania 51, Jefferson Hills, PA 15025, USA","BlueRose0427","Semiotiq","2017-03-21 20:41:46"
191,"Castle Shannon Historical Msm","1003 Castle Shannon Boulevard, Castle Shannon, PA 15234, United States","slipkid","Semiotiq","2017-03-21 22:53:04"
119,"Bird Park","100-198 Beadling Road, Mount Lebanon, PA 15228, USA","RobSimpson","Semiotiq","2017-03-21 23:01:26"
277,"American Legion Post 447","301-303 Gumbert Street, McKeesport, PA 15133, USA","koumorileo","Semiotiq","2017-03-22 04:51:29"
125,"Mt. Olive Baptist Church ","1207 Hiland Avenue, Coraopolis, PA 15108, USA","moses423","Semiotiq","2017-03-22 12:25:11"
151,"Savannah Springs","1415 5th Avenue, Coraopolis, PA 15108, USA","moses423","Semiotiq","2017-03-22 19:45:23"
191,"Riverfront Park","1223 1st Avenue, Coraopolis, PA 15108, USA","Lipphil","Semiotiq","2017-03-26 19:25:07"
191,"Susie Letteri Park","103 Broadway Street, Coraopolis, PA 15108, USA","Lipphil","Semiotiq","2017-03-26 19:28:30"
86,"Coraopolis Post Office","914 5th Avenue, Coraopolis, PA 15108, United States","moses423","Semiotiq","2017-03-26 19:43:13"
193,"St. Joseph Rectory","1300-1398 Pennsylvania 51, Coraopolis, PA 15108, USA","vwratt","Semiotiq","2017-03-27 13:17:56"
155,"Charis247 Community Church","1323 State Avenue, Coraopolis, PA 15108, USA","moses423","Semiotiq","2017-03-27 14:15:12"
191,"Ronald L. Bliwas Field","2-98 Mulberry Street, Coraopolis, PA 15108, USA","Lipphil","Semiotiq","2017-03-27 14:23:52"
191,"Shelley Y. Jones Memorial Basketball Court","1001-1025 1st Avenue, Coraopolis, PA 15108, USA","Lipphil","Semiotiq","2017-03-27 14:26:59"
191,"Whosoever Wills Christian and Missionary Alliance Church","878 1st Avenue, Coraopolis, PA 15108, USA","Lipphil","Semiotiq","2017-03-27 14:30:58"
191,"Coraopolis Volunteer Fire Department","1015 State Avenue, Coraopolis, PA 15108, USA","Lipphil","Semiotiq","2017-03-27 14:49:12"
193,"Jesus, Class of 1958","1301 5th Avenue, Coraopolis, PA 15108, USA","Lipphil","Semiotiq","2017-03-28 19:15:20"
154,"Zion Lutheran Church","501-599 Chestnut Street, Coraopolis, PA 15108, USA","moses423","Semiotiq","2017-03-28 19:20:18"
193,"St. Joseph Roman Catholic Church ","1301-1399 Pennsylvania 51, Coraopolis, PA 15108, USA","Lipphil","Semiotiq","2017-03-29 05:52:07"
69,"First Christian Church ","40-42 Raymond Street, Dravosburg, PA 15034, USA","Yinzer81","Semiotiq","2017-03-29 14:16:39"
152,"Dravosburg Volunteer Fire Department","1207 Luscombe Lane, Dravosburg, PA 15034, United States","Shadowdancer1","Semiotiq","2017-03-29 14:26:27"
122,"Sodini Parklet Commemoration Plaque ","1082-1098 Highway 121, Pittsburgh, PA 15220, USA","ivanrussell","Semiotiq","2017-04-01 15:02:49"
93,"Sodini Parklet","1094-1098 Greentree Road, Pittsburgh, PA 15220, USA","ivanrussell","Semiotiq","2017-04-01 15:02:55"
71,"Welcome to Green Tree","921-923 Greentree Road, Pittsburgh, PA 15220, USA","Dezi227","Semiotiq","2017-04-01 15:14:40"
71,"Hunt Stained Glass Statues","1668-1758 Lincoln Highway, Pittsburgh, PA 15219, USA","missi0731","Semiotiq","2017-04-01 15:54:46"
101,"Allegheny County Traffic Grade Separation","1300-1404 West Liberty Avenue, Pittsburgh, PA 15226, USA","camillabella","Semiotiq","2017-04-01 16:29:21"
145,"Presbyterian Church of Coraopolis","1201 5th Avenue, Coraopolis, PA 15108, USA","moses423","Semiotiq","2017-04-02 11:20:56"
199,"Coraopolis Community Garden","1210 4th Avenue, Coraopolis, PA 15108, USA","vwratt","Semiotiq","2017-04-02 11:24:58"
198,"In Memory of Leonard Cahen ","401 Mill Street, Coraopolis, PA 15108, USA","steelcityjas","Semiotiq","2017-04-02 11:29:45"
197,"Mill Street Train Station","310-314 Mill Street, Coraopolis, PA","Lipphil","Semiotiq","2017-04-02 11:33:03"
198,"Borough of Coraopolis","1009-1015 5th Avenue, Coraopolis, PA","missi0731","Semiotiq","2017-04-02 18:48:45"
91,"Bell Acres Nature Trail ","153-191 Turkey Foot Road, Sewickley, PA 15143, USA","BigSilky","Semiotiq","2017-04-03 13:27:23"
73,"Oakdale Memorial Pavilion","28 Clinton Avenue, Oakdale, PA 15071, USA","Marcus723","Semiotiq","2017-04-03 22:45:17"
73,"United States Post Office Oakdale","27-39 Union Avenue, Oakdale, PA 15071, USA","Marcus723","Semiotiq","2017-04-03 22:47:49"
73,"The Rock Church","5090-5106 Highland Avenue South, Oakdale, PA 15071, USA","Marcus723","Semiotiq","2017-04-03 22:55:39"
73,"The Rock Church Youth Center","1-3 Robinson Street, Oakdale, PA 15071, USA","Marcus723","Semiotiq","2017-04-03 22:55:45"
91,"Congregation Poale Zedeck","2247-2251 Shady Avenue, Pittsburgh, PA 15217, USA","karpouzaki","Semiotiq","2017-04-04 12:01:12"
80,"Shapiro Educational Center","6322 Phillips Avenue, Pittsburgh, PA 15217, USA","silentzig","Semiotiq","2017-04-04 12:01:35"
72,"First Trinity Lutheran Church","531 North Neville Street, Pittsburgh, PA 15213, USA","KatrinaThorn","Semiotiq","2017-04-08 17:48:52"
72,"D'Arlington Apartments","504 North Neville Street, Pittsburgh, PA 15213, USA","KatrinaThorn","Semiotiq","2017-04-08 17:50:06"
112,"First Church of Christ, Scientist","201 North Dithridge Street, Pittsburgh, PA 15213, USA","Docjeed","Semiotiq","2017-04-08 17:52:41"
112,"The Oratory ","4450 Bayard Street, Pittsburgh, PA 15213, USA","Docjeed","Semiotiq","2017-04-08 17:53:35"
72,"University Store On Fifth","5th Ave Opp Thackeray Ave, University of Pittsburgh, Pittsburgh, PA 15213, USA","EmberFox","Semiotiq","2017-04-08 17:57:43"
157,"In Memory of the Veterans of all Wars","3515-3581 Clairton Boulevard, Brentwood, PA 15227, USA","SevenHour","Semiotiq","2017-04-09 12:17:44"
70,"Zion Lutheran Church","Hwy Rt 51 at Brownsville, Brentwood, PA 15227, USA","SevenHour","Semiotiq","2017-04-09 12:24:55"
72,"GBU Bicentennial","4226-4260 Clairton Boulevard, Brentwood, PA 15227, USA","MisterMagenta","Semiotiq","2017-04-09 12:25:25"
121,"Johnston Slag Handling Equipment","6010 Mountain View Drive, West Mifflin, PA 15122, USA","canaglaucus","Semiotiq","2017-04-09 12:42:48"
167,"Duquesne Annex FD #2","1620 Pennsylvania Avenue, West Mifflin, PA 15122, USA","slipkid","Semiotiq","2017-04-09 13:21:24"
163,"Holy Name Cemetery ","1501-1599 Willard Avenue, West Mifflin, PA 15122, USA","slipkid","Semiotiq","2017-04-10 19:51:02"
88,"Wilkinsburg Station Mural","20-98 Sawyer Way, Wilkinsburg, PA 15221, USA","KatrinaThorn","Semiotiq","2017-04-10 21:47:50"
86,"A Lasting Tribute  ","2-10 Old Clairton Road, Pleasant Hills, PA 15236, USA","SilverLight7","Semiotiq","2017-04-10 22:32:26"
98,"McClintock #1 Oil Well","Three Rivers Heritage Trail, Pittsburgh, PA 15219, USA","Goblin13","Semiotiq","2017-04-11 15:56:06"
141,"Port Hole","Three Rivers Heritage Trail, Pittsburgh, PA 15219, USA","bocoroth","Semiotiq","2017-04-11 15:58:00"
126,"Blast Furnace Bellows, Station","Three Rivers Heritage Trail, Pittsburgh, PA 15219, USA","bocoroth","Semiotiq","2017-04-11 16:04:02"
65,"North Hill Club Gazabo ","702 Lincoln Club Drive, Pittsburgh, PA 15237, USA","TweedleDitz","Semiotiq","2017-04-12 22:17:05"
65,"Reformed Presbyterian Church of the North Hills","600-602 Thompson Run Road, Pittsburgh, PA 15237, USA","missi0731","Semiotiq","2017-04-12 22:29:21"
62,"Living Dead Museum","231 East Main Street, Evans City, PA 16033, USA","IronTiger216","Semiotiq","2017-04-23 15:25:27"
62,"Fallen Heroes Memorial","Center Alley, Evans City, PA 16033, USA","IronTiger216","Semiotiq","2017-04-23 15:27:37"
64,"Bud Hammer Playground","140-198 Bigelow Street, Pittsburgh, PA 15207, USA","ksquigg2","Semiotiq","2017-04-24 14:01:10"
78,"Hot Metal Bridge Faith Community","51 South 27th Street, Pittsburgh, PA 15203, USA","gwenix","Semiotiq","2017-04-24 17:20:04"
70,"US Post Office","129 Washington Street, Hyndman, PA 15545, United States","LordDeathstrike","Semiotiq","2017-06-11 06:21:37"
70,"Hyndman-Londonderry Library","161 Clarence Street, Hyndman, PA 15545, United States","LordDeathstrike","Semiotiq","2017-06-11 06:28:23"
102,"Elisha McCurdy","985-1091 Steubenville Pike, Burgettstown, PA","roaddog4122","Semiotiq","2017-06-23 19:12:46"
67,"Harmon Creek Community Church","1050-1092 Steubenville Pike, Burgettstown, PA 15021, USA","OnceAMoose","Semiotiq","2017-06-23 19:12:52"
362,"Small Gazebo Overlooking I -376","1001 Parkview Boulevard, Pittsburgh, PA 15217, USA","Moses8080","Semiotiq","2017-06-25 11:26:48"
66,"Frick Environmental trailhead shelter","6678-7194 Forbes Avenue, Pittsburgh, PA 15217, USA","GenuineKC","Semiotiq","2017-06-25 11:39:43"
127,"Child Shepherd","3000 Naomi, Pittsburgh, PA 15207, USA","ksquigg2","Semiotiq","2017-06-25 19:20:27"
74,"Ordained Priest","Longview Street, Pittsburgh, PA 15207, USA","ksquigg2","Semiotiq","2017-06-25 21:40:40"
63,"Kanai Funeral Home","4000-4014 Lydia Street, Pittsburgh, PA 15207, USA","ksquigg2","Semiotiq","2017-06-26 02:05:35"
61,"Bud Hammer Playground","140-198 Bigelow Street, Pittsburgh, PA 15207, USA","ksquigg2","Semiotiq","2017-06-26 03:41:21"
153,"Saint John's Cathedral Byzantine Catholic Cemetery","2400-2414 Main Street, Munhall, PA 15120, USA","slipkid","Semiotiq","2017-07-01 13:49:34"
67,"Hazelwood YMCA","4701 Chatsworth Avenue, Pittsburgh, PA 15207, USA","ksquigg2","Semiotiq","2017-07-02 07:54:52"
186,"Tappan Lake Park","Tappan Lake Park Road, Cadiz, OH 43907, USA","NoRemorse4U","Semiotiq","2017-07-07 13:01:24"
186,"The Moravian Trail","Rock Street, Deersville, OH 44693, USA","NoRemorse4U","Semiotiq","2017-07-07 13:05:55"
186,"Palestine Post Office","Palestine, IL, United States","mikearvi","Semiotiq","2017-07-08 19:09:27"
208,"Lamont Fire Department","Palestine, IL 62451, United States","mikearvi","Semiotiq","2017-07-08 19:10:41"
185,"United States Land Office","100-198 N Main St, Palestine, IL","ochsy","Semiotiq","2017-07-08 19:13:22"
450,"Hutsonville Fire Department","Hutsonville, IL 62433, United States","Brittarvi","Semiotiq","2017-07-08 19:50:04"
411,"US Post Office","107 S Main St, Hutsonville, IL 62433, USA","tmo2004","Semiotiq","2017-07-08 19:50:10"
366,"Hutsonville Public Library","107 S Main St, Hutsonville, IL 62433, USA","mikearvi","Semiotiq","2017-07-08 19:53:07"
63,"Graysville Fire Department","Graysville, IN 47852, United States","mikearvi","Semiotiq","2017-07-08 20:03:42"
111,"Weirton Water Tower","415 Colliers Way Exd, Weirton, WV 26062, USA","fragilewitch","Semiotiq","2017-07-09 13:51:54"
111,"Weirton First Church of the Nazarene ","703 Colliers Way, Weirton, WV 26062, USA","fragilewitch","Semiotiq","2017-07-09 14:07:00"
110,"Raccoon Township Municipal Park","100-198 Winford Lane, Aliquippa, PA 15001, USA","InLikeTim","Semiotiq","2017-07-09 19:10:54"
220,"Church of Christ","18497 Shortline Highway, Jacksonburg, WV 26377, USA","wvhunter","Semiotiq","2017-07-15 14:49:07"
198,"Schutz Cemetery","3133 Sheep Run, Jacksonburg, WV 26377, USA","Antitech","Semiotiq","2017-07-15 15:01:09"
182,"New Milton Post Office","1063 Meathouse Fork, New Milton, WV 26411, USA","Antitech","Semiotiq","2017-07-15 17:45:32"
61,"Hancock United Methodist Church","2-98 Methodist Avenue, Hancock, MD 21750, USA","GMBunno","Semiotiq","2017-07-20 12:01:09"
167,"River Hill United Methodist Church","515-547 Riverhill Meidahl, Parkersburg, WV 26101, USA","hellbent1957","Semiotiq","2017-08-19 10:37:35"
167,"Fairlawn Baptist Church","Dupont Road & U.S. 50, Parkersburg, WV 26101, USA","hellbound1958","Semiotiq","2017-08-19 10:45:18"
92,"The Church in Pittsburgh","7112 Penn Avenue, Pittsburgh, PA 15208, USA","sparrowactual","Semiotiq","2017-09-03 08:30:14"
72,"Jane Grey Swisshelm","623 Greendale Ave, Pittsburgh, PA","GenuineKC","Semiotiq","2017-09-16 19:23:54"
107,"Historic Firestone Building","215 East 20th Street, Kansas City, MO 64108, USA","terran1701","Semiotiq","2017-09-21 10:31:07"
252,"Working Families' Friend","1051-1069 Pennsylvania Avenue, Kansas City, MO 64105, USA","baselowkey","Semiotiq","2017-09-21 11:12:40"
90,"Historic Dickerton Building","601-653 West 11th Street, Kansas City, MO 64105, USA","baselowkey","Semiotiq","2017-09-21 11:15:58"
